"вмешалась";"вмешалась, причем совершенно неожиданно,";6
"вмешалась";"вмешалась, причем совершенно неожиданно, вмешалась";5
"вмешалась";"вмешалась, заметте, ненавязчиво";4
"вмешалась";"вмешалась, заметте, ненавязчиво вмешалась";3
"вмешалась";"вмешалась, заметте необоснованно, ";2
"вмешалась";"вмешалась, заметте необоснованно, вмешалась";1
"вмешались";"вмешались, причем совершенно неожиданно,";6
"вмешались";"вмешались, причем совершенно неожиданно, вмешались";5
"вмешались";"вмешались, заметте, ненавязчиво";4
"вмешались";"вмешались, заметте, ненавязчиво вмешались";3
"вмешались";"вмешались, заметте необоснованно, ";2
"вмешались";"вмешались, заметте необоснованно, вмешались";1
"вмешалось";"вмешалось, причем совершенно неожиданно,";6
"вмешалось";"вмешалось, причем совершенно неожиданно, вмешалось";5
"вмешалось";"вмешалось, заметте, ненавязчиво";4
"вмешалось";"вмешалось, заметте, ненавязчиво вмешалось";3
"вмешалось";"вмешалось, заметте необоснованно, ";2
"вмешалось";"вмешалось, заметте необоснованно, вмешалось";1
"возвращал";"возвращал, и это не секрет,";12
"возвращал";"возвращал, и это не секрет, возвращал";11
"возвращал";"возвращал, об этом многие знают,";10
"возвращал";"возвращал, об этом многие знают, возвращал";9
"возвращал";"возвращал, об этом везде написано,";8
"возвращал";"возвращал, об этом везде написано, возвращал";7
"возвращал";"возвращал, и это действительно так,";6
"возвращал";"возвращал, и это действительно так, возвращал";5
"возвращал";"возвращал, это факт,";4
"возвращал";"возвращал, это факт, возвращал";3
"возвращал";"возвращал, это общедоступный факт, ";2
"возвращал";"возвращал, это общедоступный факт, возвращал";1
"возвращала";"возвращала, и это не секрет,";12
"возвращала";"возвращала, и это не секрет, возвращала";11
"возвращала";"возвращала, об этом многие знают,";10
"возвращала";"возвращала, об этом многие знают, возвращала";9
"возвращала";"возвращала, об этом везде написано,";8
"возвращала";"возвращала, об этом везде написано, возвращала";7
"возвращала";"возвращала, и это действительно так,";6
"возвращала";"возвращала, и это действительно так, возвращала";5
"возвращала";"возвращала, это факт,";4
"возвращала";"возвращала, это факт, возвращала";3
"возвращала";"возвращала, это общедоступный факт, ";2
"возвращала";"возвращала, это общедоступный факт, возвращала";1
"возвращали";"возвращали, и это не секрет,";12
"возвращали";"возвращали, и это не секрет, возвращали";11
"возвращали";"возвращали, об этом многие знают,";10
"возвращали";"возвращали, об этом многие знают, возвращали";9
"возвращали";"возвращали, об этом везде написано,";8
"возвращали";"возвращали, об этом везде написано, возвращали";7
"возвращали";"возвращали, и это действительно так,";6
"возвращали";"возвращали, и это действительно так, возвращали";5
"возвращали";"возвращали, это факт,";4
"возвращали";"возвращали, это факт, возвращали";3
"возвращали";"возвращали, это общедоступный факт, ";2
"возвращали";"возвращали, это общедоступный факт, возвращали";1
"возвращает";"возвращает, и это не секрет,";12
"возвращает";"возвращает, и это не секрет, возвращает";11
"возвращает";"возвращает, об этом многие знают,";10
"возвращает";"возвращает, об этом многие знают, возвращает";9
"возвращает";"возвращает, об этом везде написано,";8
"возвращает";"возвращает, об этом везде написано, возвращает";7
"возвращает";"возвращает, и это действительно так,";6
"возвращает";"возвращает, и это действительно так, возвращает";5
"возвращает";"возвращает, это факт,";4
"возвращает";"возвращает, это факт, возвращает";3
"возвращает";"возвращает, это общедоступный факт, ";2
"возвращает";"возвращает, это общедоступный факт, возвращает";1
"воздастся";"воздастся, причем совершенно справедливо,";6
"воздастся";"воздастся, причем совершенно справедливо, воздастся";5
"воздастся";"воздастся, и видимо совершенно справедливо,";4
"воздастся";"воздастся, и видимо совершенно справедливо, воздастся";3
"воздастся";"воздастся, и видимо заслуженно, ";2
"воздастся";"воздастся, и видимо заслуженно, воздастся";1
"воздасться";"воздасться, причем совершенно справедливо,";6
"воздасться";"воздасться, причем совершенно справедливо, воздасться";5
"воздасться";"воздасться, и видимо совершенно справедливо,";4
"воздасться";"воздасться, и видимо совершенно справедливо, воздасться";3
"воздасться";"воздасться, и видимо заслуженно, ";2
"воздасться";"воздасться, и видимо заслуженно, воздасться";1
"воздаётся";"воздаётся, причем совершенно справедливо,";6
"воздаётся";"воздаётся, причем совершенно справедливо, воздаётся";5
"воздаётся";"воздаётся, и видимо совершенно справедливо,";4
"воздаётся";"воздаётся, и видимо совершенно справедливо, воздаётся";3
"воздаётся";"воздаётся, и видимо заслуженно, ";2
"воздаётся";"воздаётся, и видимо заслуженно, воздаётся";1
"выдвинул";"выдвинул, вполне обоснованно,";4
"выдвинул";"выдвинул, вполне обоснованно, выдвинул";3
"выдвинул";"выдвинул, достаточно уверенно, ";2
"выдвинул";"выдвинул, достаточно уверенно, выдвинул";1
"выдвинула";"выдвинула, вполне обоснованно,";4
"выдвинула";"выдвинула, вполне обоснованно, выдвинула";3
"выдвинула";"выдвинула, достаточно уверенно, ";2
"выдвинула";"выдвинула, достаточно уверенно, выдвинула";1
"выдвинула";"выдвинула, вполне обоснованно,";4
"выдвинула";"выдвинула, вполне обоснованно, выдвинула";3
"выдвинула";"выдвинула, достаточно уверенно, ";2
"выдвинула";"выдвинула, достаточно уверенно, выдвинула";1
"выдвинуть";"выдвинуть, вполне обоснованно,";4
"выдвинуть";"выдвинуть, вполне обоснованно, выдвинуть";3
"выдвинуть";"выдвинуть, достаточно уверенно, ";2
"выдвинуть";"выдвинуть, достаточно уверенно, выдвинуть";1
"выиграл";"выиграл, хотя шансов было не много,";4
"выиграл";"выиграл, хотя шансов было не много, выиграл";3
"выиграл";"выиграл, хотя шансов практически не было, ";2
"выиграл";"выиграл, хотя шансов практически не было, выиграл";1
"выиграла";"выиграла, хотя шансов было не много,";4
"выиграла";"выиграла, хотя шансов было не много, выиграла";3
"выиграла";"выиграла, хотя шансов практически не было, ";2
"выиграла";"выиграла, хотя шансов практически не было, выиграла";1
"выиграли";"выиграли, хотя шансов было не много,";4
"выиграли";"выиграли, хотя шансов было не много, выиграли";3
"выиграли";"выиграли, хотя шансов практически не было, ";2
"выиграли";"выиграли, хотя шансов практически не было, выиграли";1
"выиграть";"выиграть, хотя шансов было не много,";4
"выиграть";"выиграть, хотя шансов было не много, выиграть";3
"выиграть";"выиграть, хотя шансов практически не было, ";2
"выиграть";"выиграть, хотя шансов практически не было, выиграть";1
"вычурная";"вычурная, если не сказать больше";4
"вычурная";"вычурная, если не сказать больше вычурная";3
"вычурная";"вычурная, именно это определение здесь больше всего подходит ";2
"вычурная";"вычурная, именно это определение здесь больше всего подходит вычурная";1
"вычурное";"вычурное, если не сказать больше";4
"вычурное";"вычурное, если не сказать больше вычурное";3
"вычурное";"вычурное, именно это определение здесь больше всего подходит ";2
"вычурное";"вычурное, именно это определение здесь больше всего подходит вычурное";1
"вычурном";"вычурном, если не сказать больше";4
"вычурном";"вычурном, если не сказать больше вычурном";3
"вычурном";"вычурном, именно это определение здесь больше всего подходит ";2
"вычурном";"вычурном, именно это определение здесь больше всего подходит вычурном";1
"вычурные";"вычурные, если не сказать больше";4
"вычурные";"вычурные, если не сказать больше вычурные";3
"вычурные";"вычурные, именно это определение здесь больше всего подходит ";2
"вычурные";"вычурные, именно это определение здесь больше всего подходит вычурные";1
"вычурный";"вычурный, если не сказать больше";4
"вычурный";"вычурный, если не сказать больше вычурный";3
"вычурный";"вычурный, именно это определение здесь больше всего подходит ";2
"вычурный";"вычурный, именно это определение здесь больше всего подходит вычурный";1
"вычурным";"вычурным, если не сказать больше";4
"вычурным";"вычурным, если не сказать больше вычурным";3
"вычурным";"вычурным, именно это определение здесь больше всего подходит ";2
"вычурным";"вычурным, именно это определение здесь больше всего подходит вычурным";1
"зазевался";"зазевался, как частенько бывает,";8
"зазевался";"зазевался, как частенько бывает, зазевался";7
"зазевался";"зазевался, так довольно часто бывает,";6
"зазевался";"зазевался, так довольно часто бывает, зазевался";5
"зазевался";"зазевался, так частенько происходит с людьми,";4
"зазевался";"зазевался, так частенько происходит с людьми, зазевался";3
"зазевался";"зазевался, так иногда случается, ";2
"зазевался";"зазевался, так иногда случается, зазевался";1
"зазевалась";"зазевалась, как частенько бывает,";8
"зазевалась";"зазевалась, как частенько бывает, зазевалась";7
"зазевалась";"зазевалась, так довольно часто бывает,";6
"зазевалась";"зазевалась, так довольно часто бывает, зазевалась";5
"зазевалась";"зазевалась, так частенько происходит с людьми,";4
"зазевалась";"зазевалась, так частенько происходит с людьми, зазевалась";3
"зазевалась";"зазевалась, так иногда случается, ";2
"зазевалась";"зазевалась, так иногда случается, зазевалась";1
"зазевались";"зазевались, как частенько бывает,";8
"зазевались";"зазевались, как частенько бывает, зазевались";7
"зазевались";"зазевались, так довольно часто бывает,";6
"зазевались";"зазевались, так довольно часто бывает, зазевались";5
"зазевались";"зазевались, так частенько происходит с людьми,";4
"зазевались";"зазевались, так частенько происходит с людьми, зазевались";3
"зазевались";"зазевались, так иногда случается, ";2
"зазевались";"зазевались, так иногда случается, зазевались";1
"зазеваеться";"зазеваеться, как частенько бывает,";8
"зазеваеться";"зазеваеться, как частенько бывает, зазеваеться";7
"зазеваеться";"зазеваеться, так довольно часто бывает,";6
"зазеваеться";"зазеваеться, так довольно часто бывает, зазеваеться";5
"зазеваеться";"зазеваеться, так частенько происходит с людьми,";4
"зазеваеться";"зазеваеться, так частенько происходит с людьми, зазеваеться";3
"зазеваеться";"зазеваеться, так иногда случается, ";2
"зазеваеться";"зазеваеться, так иногда случается, зазеваеться";1
"зазевается";"зазевается, как частенько бывает,";8
"зазевается";"зазевается, как частенько бывает, зазевается";7
"зазевается";"зазевается, так довольно часто бывает,";6
"зазевается";"зазевается, так довольно часто бывает, зазевается";5
"зазевается";"зазевается, так частенько происходит с людьми,";4
"зазевается";"зазевается, так частенько происходит с людьми, зазевается";3
"зазевается";"зазевается, так иногда случается, ";2
"зазевается";"зазевается, так иногда случается, зазевается";1
"зазеваешься";"зазеваешься, как частенько бывает,";8
"зазеваешься";"зазеваешься, как частенько бывает, зазеваешься";7
"зазеваешься";"зазеваешься, так довольно часто бывает,";6
"зазеваешься";"зазеваешься, так довольно часто бывает, зазеваешься";5
"зазеваешься";"зазеваешься, так частенько происходит с людьми,";4
"зазеваешься";"зазеваешься, так частенько происходит с людьми, зазеваешься";3
"зазеваешься";"зазеваешься, так иногда случается, ";2
"зазеваешься";"зазеваешься, так иногда случается, зазеваешься";1
"зазеваются";"зазеваются, как частенько бывает,";8
"зазеваются";"зазеваются, как частенько бывает, зазеваются";7
"зазеваются";"зазеваются, так довольно часто бывает,";6
"зазеваются";"зазеваются, так довольно часто бывает, зазеваются";5
"зазеваются";"зазеваются, так частенько происходит с людьми,";4
"зазеваются";"зазеваются, так частенько происходит с людьми, зазеваются";3
"зазеваются";"зазеваются, так иногда случается, ";2
"зазеваются";"зазеваются, так иногда случается, зазеваются";1
"зазеваються";"зазеваються, как частенько бывает,";8
"зазеваються";"зазеваються, как частенько бывает, зазеваються";7
"зазеваються";"зазеваються, так довольно часто бывает,";6
"зазеваються";"зазеваються, так довольно часто бывает, зазеваються";5
"зазеваються";"зазеваються, так частенько происходит с людьми,";4
"зазеваються";"зазеваються, так частенько происходит с людьми, зазеваються";3
"зазеваються";"зазеваються, так иногда случается, ";2
"зазеваються";"зазеваються, так иногда случается, зазеваються";1
"зарегистрировал";"зарегистрировал, хоть это и немного незаконно,";6
"зарегистрировал";"зарегистрировал, хоть это и немного незаконно, зарегистрировал";5
"зарегистрировал";"зарегистрировал, хоть это и выходит за рамки установленных правил,";4
"зарегистрировал";"зарегистрировал, хоть это и выходит за рамки установленных правил, зарегистрировал";3
"зарегистрировал";"зарегистрировал, хоть это и смущает некоторых, ";2
"зарегистрировал";"зарегистрировал, хоть это и смущает некоторых, зарегистрировал";1
"зарегистрировала";"зарегистрировала, хоть это и немного незаконно,";6
"зарегистрировала";"зарегистрировала, хоть это и немного незаконно, зарегистрировала";5
"зарегистрировала";"зарегистрировала, хоть это и выходит за рамки установленных правил,";4
"зарегистрировала";"зарегистрировала, хоть это и выходит за рамки установленных правил, зарегистрировала";3
"зарегистрировала";"зарегистрировала, хоть это и смущает некоторых, ";2
"зарегистрировала";"зарегистрировала, хоть это и смущает некоторых, зарегистрировала";1
"зарегистрировали";"зарегистрировали, хоть это и немного незаконно,";6
"зарегистрировали";"зарегистрировали, хоть это и немного незаконно, зарегистрировали";5
"зарегистрировали";"зарегистрировали, хоть это и выходит за рамки установленных правил,";4
"зарегистрировали";"зарегистрировали, хоть это и выходит за рамки установленных правил, зарегистрировали";3
"зарегистрировали";"зарегистрировали, хоть это и смущает некоторых, ";2
"зарегистрировали";"зарегистрировали, хоть это и смущает некоторых, зарегистрировали";1
"зарегистрировать";"зарегистрировать, хоть это и немного незаконно,";6
"зарегистрировать";"зарегистрировать, хоть это и немного незаконно, зарегистрировать";5
"зарегистрировать";"зарегистрировать, хоть это и выходит за рамки установленных правил,";4
"зарегистрировать";"зарегистрировать, хоть это и выходит за рамки установленных правил, зарегистрировать";3
"зарегистрировать";"зарегистрировать, хоть это и смущает некоторых, ";2
"зарегистрировать";"зарегистрировать, хоть это и смущает некоторых, зарегистрировать";1
"захотел";"захотел, и не безосновательно,";6
"захотел";"захотел, и не безосновательно, захотел";5
"захотел";"захотел, возможно беспричинно,";4
"захотел";"захотел, возможно беспричинно, захотел";3
"захотел";"захотел, видимо не просто так, ";2
"захотел";"захотел, видимо не просто так, захотел";1
"захотела";"захотела, и не безосновательно,";6
"захотела";"захотела, и не безосновательно, захотела";5
"захотела";"захотела, возможно беспричинно,";4
"захотела";"захотела, возможно беспричинно, захотела";3
"захотела";"захотела, видимо не просто так, ";2
"захотела";"захотела, видимо не просто так, захотела";1
"захотели";"захотели, и не безосновательно,";6
"захотели";"захотели, и не безосновательно, захотели";5
"захотели";"захотели, возможно беспричинно,";4
"захотели";"захотели, возможно беспричинно, захотели";3
"захотели";"захотели, видимо не просто так, ";2
"захотели";"захотели, видимо не просто так, захотели";1
"захотелось";"захотелось, и не безосновательно,";6
"захотелось";"захотелось, и не безосновательно, захотелось";5
"захотелось";"захотелось, возможно беспричинно,";4
"захотелось";"захотелось, возможно беспричинно, захотелось";3
"захотелось";"захотелось, видимо не просто так, ";2
"захотелось";"захотелось, видимо не просто так, захотелось";1
"захотеть";"захотеть, и не безосновательно,";6
"захотеть";"захотеть, и не безосновательно, захотеть";5
"захотеть";"захотеть, возможно беспричинно,";4
"захотеть";"захотеть, возможно беспричинно, захотеть";3
"захотеть";"захотеть, видимо не просто так, ";2
"захотеть";"захотеть, видимо не просто так, захотеть";1
"избавилась";"избавилась, практически полностью,";8
"избавилась";"избавилась, практически полностью, избавилась";7
"избавилась";"избавилась, в некоторых случаях полностью,";6
"избавилась";"избавилась, в некоторых случаях полностью, избавилась";5
"избавилась";"избавилась, иногда полностью";4
"избавилась";"избавилась, иногда полностью избавилась";3
"избавилась";"избавилась, иногда совсем ";2
"избавилась";"избавилась, иногда совсем избавилась";1
"избавились";"избавились, практически полностью,";8
"избавились";"избавились, практически полностью, избавились";7
"избавились";"избавились, в некоторых случаях полностью,";6
"избавились";"избавились, в некоторых случаях полностью, избавились";5
"избавились";"избавились, иногда полностью";4
"избавились";"избавились, иногда полностью избавились";3
"избавились";"избавились, иногда совсем ";2
"избавились";"избавились, иногда совсем избавились";1
"избавилось";"избавилось, практически полностью,";8
"избавилось";"избавилось, практически полностью, избавилось";7
"избавилось";"избавилось, в некоторых случаях полностью,";6
"избавилось";"избавилось, в некоторых случаях полностью, избавилось";5
"избавилось";"избавилось, иногда полностью";4
"избавилось";"избавилось, иногда полностью избавилось";3
"избавилось";"избавилось, иногда совсем ";2
"избавилось";"избавилось, иногда совсем избавилось";1
"избавиться";"избавиться, практически полностью,";8
"избавиться";"избавиться, практически полностью, избавиться";7
"избавиться";"избавиться, в некоторых случаях полностью,";6
"избавиться";"избавиться, в некоторых случаях полностью, избавиться";5
"избавиться";"избавиться, иногда полностью";4
"избавиться";"избавиться, иногда полностью избавиться";3
"избавиться";"избавиться, иногда совсем ";2
"избавиться";"избавиться, иногда совсем избавиться";1
"использовал";"использовал, почему бы и нет,";6
"использовал";"использовал, почему бы и нет, использовал";5
"использовал";"использовал, никто ведь не запрещал,";4
"использовал";"использовал, никто ведь не запрещал, использовал";3
"использовал";"использовал, и это нормально, ";2
"использовал";"использовал, и это нормально, использовал";1
"использовала";"использовала, почему бы и нет,";6
"использовала";"использовала, почему бы и нет, использовала";5
"использовала";"использовала, никто ведь не запрещал,";4
"использовала";"использовала, никто ведь не запрещал, использовала";3
"использовала";"использовала, и это нормально, ";2
"использовала";"использовала, и это нормально, использовала";1
"использовали";"использовали, почему бы и нет,";6
"использовали";"использовали, почему бы и нет, использовали";5
"использовали";"использовали, никто ведь не запрещал,";4
"использовали";"использовали, никто ведь не запрещал, использовали";3
"использовали";"использовали, и это нормально, ";2
"использовали";"использовали, и это нормально, использовали";1
"использовать";"использовать, почему бы и нет,";6
"использовать";"использовать, почему бы и нет, использовать";5
"использовать";"использовать, никто ведь не запрещал,";4
"использовать";"использовать, никто ведь не запрещал, использовать";3
"использовать";"использовать, и это нормально, ";2
"использовать";"использовать, и это нормально, использовать";1
"называл";"называл, и видимо не беспочвенно,";10
"называл";"называл, и видимо не беспочвенно, называл";9
"называл";"называл, скорее не просто так,";8
"называл";"называл, скорее не просто так, называл";7
"называл";"называл, и это не случайно,";6
"называл";"называл, и это не случайно, называл";5
"называл";"называл, и не безосновательно,";4
"называл";"называл, и не безосновательно, называл";3
"называл";"называл, возможно беспричинно, ";2
"называл";"называл, возможно беспричинно, называл";1
"называли";"называли, и видимо не беспочвенно,";10
"называли";"называли, и видимо не беспочвенно, называли";9
"называли";"называли, скорее не просто так,";8
"называли";"называли, скорее не просто так, называли";7
"называли";"называли, и это не случайно,";6
"называли";"называли, и это не случайно, называли";5
"называли";"называли, и не безосновательно,";4
"называли";"называли, и не безосновательно, называли";3
"называли";"называли, возможно беспричинно, ";2
"называли";"называли, возможно беспричинно, называли";1
"называвшими";"называвшими, и видимо не беспочвенно,";10
"называвшими";"называвшими, и видимо не беспочвенно, называвшими";9
"называвшими";"называвшими, скорее не просто так,";8
"называвшими";"называвшими, скорее не просто так, называвшими";7
"называвшими";"называвшими, и это не случайно,";6
"называвшими";"называвшими, и это не случайно, называвшими";5
"называвшими";"называвшими, и не безосновательно,";4
"называвшими";"называвшими, и не безосновательно, называвшими";3
"называвшими";"называвшими, возможно беспричинно, ";2
"называвшими";"называвшими, возможно беспричинно, называвшими";1
"называть";"называть, и видимо не беспочвенно,";10
"называть";"называть, и видимо не беспочвенно, называть";9
"называть";"называть, скорее не просто так,";8
"называть";"называть, скорее не просто так, называть";7
"называть";"называть, и это не случайно,";6
"называть";"называть, и это не случайно, называть";5
"называть";"называть, и не безосновательно,";4
"называть";"называть, и не безосновательно, называть";3
"называть";"называть, возможно беспричинно, ";2
"называть";"называть, возможно беспричинно, называть";1
"называлось";"называлось, и видимо не беспочвенно,";10
"называлось";"называлось, и видимо не беспочвенно, называлось";9
"называлось";"называлось, скорее не просто так,";8
"называлось";"называлось, скорее не просто так, называлось";7
"называлось";"называлось, и это не случайно,";6
"называлось";"называлось, и это не случайно, называлось";5
"называлось";"называлось, и не безосновательно,";4
"называлось";"называлось, и не безосновательно, называлось";3
"называлось";"называлось, возможно беспричинно, ";2
"называлось";"называлось, возможно беспричинно, называлось";1
"называющими";"называющими, и видимо не беспочвенно,";10
"называющими";"называющими, и видимо не беспочвенно, называющими";9
"называющими";"называющими, скорее не просто так,";8
"называющими";"называющими, скорее не просто так, называющими";7
"называющими";"называющими, и это не случайно,";6
"называющими";"называющими, и это не случайно, называющими";5
"называющими";"называющими, и не безосновательно,";4
"называющими";"называющими, и не безосновательно, называющими";3
"называющими";"называющими, возможно беспричинно, ";2
"называющими";"называющими, возможно беспричинно, называющими";1
"нарастил";"нарастил, без преувеличений,";8
"нарастил";"нарастил, без преувеличений, нарастил";7
"нарастил";"нарастил, практически без преувиличения,";6
"нарастил";"нарастил, практически без преувиличения, нарастил";5
"нарастил";"нарастил, это кем-то доказанный факт,";4
"нарастил";"нарастил, это кем-то доказанный факт, нарастил";3
"нарастил";"нарастил, приложив не так уж много усилий, ";2
"нарастил";"нарастил, приложив не так уж много усилий, нарастил";1
"нарастила";"нарастила, без преувеличений,";8
"нарастила";"нарастила, без преувеличений, нарастила";7
"нарастила";"нарастила, практически без преувиличения,";6
"нарастила";"нарастила, практически без преувиличения, нарастила";5
"нарастила";"нарастила, это кем-то доказанный факт,";4
"нарастила";"нарастила, это кем-то доказанный факт, нарастила";3
"нарастила";"нарастила, приложив не так уж много усилий, ";2
"нарастила";"нарастила, приложив не так уж много усилий, нарастила";1
"нарастили";"нарастили, без преувеличений,";8
"нарастили";"нарастили, без преувеличений, нарастили";7
"нарастили";"нарастили, практически без преувиличения,";6
"нарастили";"нарастили, практически без преувиличения, нарастили";5
"нарастили";"нарастили, это кем-то доказанный факт,";4
"нарастили";"нарастили, это кем-то доказанный факт, нарастили";3
"нарастили";"нарастили, приложив не так уж много усилий, ";2
"нарастили";"нарастили, приложив не так уж много усилий, нарастили";1
"нарастить";"нарастить, без преувеличений,";8
"нарастить";"нарастить, без преувеличений, нарастить";7
"нарастить";"нарастить, практически без преувиличения,";6
"нарастить";"нарастить, практически без преувиличения, нарастить";5
"нарастить";"нарастить, это кем-то доказанный факт,";4
"нарастить";"нарастить, это кем-то доказанный факт, нарастить";3
"нарастить";"нарастить, приложив не так уж много усилий, ";2
"нарастить";"нарастить, приложив не так уж много усилий, нарастить";1
"наступает";"наступает, и это естественно,";6
"наступает";"наступает, и это естественно, наступает";5
"наступает";"наступает, и это нормально,";4
"наступает";"наступает, и это нормально, наступает";3
"наступает";"наступает, и это вполне естественно, ";2
"наступает";"наступает, и это вполне естественно, наступает";1
"наступают";"наступают, и это естественно,";6
"наступают";"наступают, и это естественно, наступают";5
"наступают";"наступают, и это нормально,";4
"наступают";"наступают, и это нормально, наступают";3
"наступают";"наступают, и это вполне естественно, ";2
"наступают";"наступают, и это вполне естественно, наступают";1
"наступил";"наступил, и это естественно,";6
"наступил";"наступил, и это естественно, наступил";5
"наступил";"наступил, и это нормально,";4
"наступил";"наступил, и это нормально, наступил";3
"наступил";"наступил, и это вполне естественно, ";2
"наступил";"наступил, и это вполне естественно, наступил";1
"наступила";"наступила, и это естественно,";6
"наступила";"наступила, и это естественно, наступила";5
"наступила";"наступила, и это нормально,";4
"наступила";"наступила, и это нормально, наступила";3
"наступила";"наступила, и это вполне естественно, ";2
"наступила";"наступила, и это вполне естественно, наступила";1
"наступили";"наступили, и это естественно,";6
"наступили";"наступили, и это естественно, наступили";5
"наступили";"наступили, и это нормально,";4
"наступили";"наступили, и это нормально, наступили";3
"наступили";"наступили, и это вполне естественно, ";2
"наступили";"наступили, и это вполне естественно, наступили";1
"наступят";"наступят, и это естественно,";6
"наступят";"наступят, и это естественно, наступят";5
"наступят";"наступят, и это нормально,";4
"наступят";"наступят, и это нормально, наступят";3
"наступят";"наступят, и это вполне естественно, ";2
"наступят";"наступят, и это вполне естественно, наступят";1
"намекает";"намекает, причем достаточно явно,";4
"намекает";"намекает, причем достаточно явно, намекает";3
"намекает";"намекает, и достаточно явно ";2
"намекает";"намекает, и достаточно явно намекает";1
"намекала";"намекала, причем достаточно явно,";4
"намекала";"намекала, причем достаточно явно, намекала";3
"намекала";"намекала, и достаточно явно ";2
"намекала";"намекала, и достаточно явно намекала";1
"намекнула";"намекнула, причем достаточно явно,";4
"намекнула";"намекнула, причем достаточно явно, намекнула";3
"намекнула";"намекнула, и достаточно явно ";2
"намекнула";"намекнула, и достаточно явно намекнула";1
"намекнули";"намекнули, причем достаточно явно,";4
"намекнули";"намекнули, причем достаточно явно, намекнули";3
"намекнули";"намекнули, и достаточно явно ";2
"намекнули";"намекнули, и достаточно явно намекнули";1
"намекнуть";"намекнуть, причем достаточно явно,";4
"намекнуть";"намекнуть, причем достаточно явно, намекнуть";3
"намекнуть";"намекнуть, и достаточно явно ";2
"намекнуть";"намекнуть, и достаточно явно намекнуть";1
"находился";"находился, как и ожидалось,";4
"находился";"находился, как и ожидалось, находился";3
"находился";"находился, и это вполне естественно, ";2
"находился";"находился, и это вполне естественно, находился";1
"находилась";"находилась, как и ожидалось,";4
"находилась";"находилась, как и ожидалось, находилась";3
"находилась";"находилась, и это вполне естественно, ";2
"находилась";"находилась, и это вполне естественно, находилась";1
"находились";"находились, как и ожидалось,";4
"находились";"находились, как и ожидалось, находились";3
"находились";"находились, и это вполне естественно, ";2
"находились";"находились, и это вполне естественно, находились";1
"находилось";"находилось, как и ожидалось,";4
"находилось";"находилось, как и ожидалось, находилось";3
"находилось";"находилось, и это вполне естественно, ";2
"находилось";"находилось, и это вполне естественно, находилось";1
"находится";"находится, как и ожидалось,";4
"находится";"находится, как и ожидалось, находится";3
"находится";"находится, и это вполне естественно, ";2
"находится";"находится, и это вполне естественно, находится";1
"находиться";"находиться, как и ожидалось,";4
"находиться";"находиться, как и ожидалось, находиться";3
"находиться";"находиться, и это вполне естественно, ";2
"находиться";"находиться, и это вполне естественно, находиться";1
"обладал";"обладал, заметте, ненавязчиво";4
"обладал";"обладал, заметте, ненавязчиво обладал";3
"обладал";"обладал, между прочим, совершенно спокойно, ";2
"обладал";"обладал, между прочим, совершенно спокойно, обладал";1
"обладала";"обладала, заметте, ненавязчиво";4
"обладала";"обладала, заметте, ненавязчиво обладала";3
"обладала";"обладала, между прочим, совершенно спокойно, ";2
"обладала";"обладала, между прочим, совершенно спокойно, обладала";1
"обладали";"обладали, заметте, ненавязчиво";4
"обладали";"обладали, заметте, ненавязчиво обладали";3
"обладали";"обладали, между прочим, совершенно спокойно, ";2
"обладали";"обладали, между прочим, совершенно спокойно, обладали";1
"обладают";"обладают, заметте, ненавязчиво";4
"обладают";"обладают, заметте, ненавязчиво обладают";3
"обладают";"обладают, между прочим, совершенно спокойно, ";2
"обладают";"обладают, между прочим, совершенно спокойно, обладают";1
"обнаруживал";"обнаруживал, заметте, ненавязчиво";6
"обнаруживал";"обнаруживал, заметте, ненавязчиво обнаруживал";5
"обнаруживал";"обнаруживал, и это не секрет,";4
"обнаруживал";"обнаруживал, и это не секрет, обнаруживал";3
"обнаруживал";"обнаруживал, и это не случайно, ";2
"обнаруживал";"обнаруживал, и это не случайно, обнаруживал";1
"обнаруживала";"обнаруживала, заметте, ненавязчиво";6
"обнаруживала";"обнаруживала, заметте, ненавязчиво обнаруживала";5
"обнаруживала";"обнаруживала, и это не секрет,";4
"обнаруживала";"обнаруживала, и это не секрет, обнаруживала";3
"обнаруживала";"обнаруживала, и это не случайно, ";2
"обнаруживала";"обнаруживала, и это не случайно, обнаруживала";1
"обнаруживали";"обнаруживали, заметте, ненавязчиво";6
"обнаруживали";"обнаруживали, заметте, ненавязчиво обнаруживали";5
"обнаруживали";"обнаруживали, и это не секрет,";4
"обнаруживали";"обнаруживали, и это не секрет, обнаруживали";3
"обнаруживали";"обнаруживали, и это не случайно, ";2
"обнаруживали";"обнаруживали, и это не случайно, обнаруживали";1
"обнаруживает";"обнаруживает, заметте, ненавязчиво";6
"обнаруживает";"обнаруживает, заметте, ненавязчиво обнаруживает";5
"обнаруживает";"обнаруживает, и это не секрет,";4
"обнаруживает";"обнаруживает, и это не секрет, обнаруживает";3
"обнаруживает";"обнаруживает, и это не случайно, ";2
"обнаруживает";"обнаруживает, и это не случайно, обнаруживает";1
"обнаруживать";"обнаруживать, заметте, ненавязчиво";6
"обнаруживать";"обнаруживать, заметте, ненавязчиво обнаруживать";5
"обнаруживать";"обнаруживать, и это не секрет,";4
"обнаруживать";"обнаруживать, и это не секрет, обнаруживать";3
"обнаруживать";"обнаруживать, и это не случайно, ";2
"обнаруживать";"обнаруживать, и это не случайно, обнаруживать";1
"обнаруживают";"обнаруживают, заметте, ненавязчиво";6
"обнаруживают";"обнаруживают, заметте, ненавязчиво обнаруживают";5
"обнаруживают";"обнаруживают, и это не секрет,";4
"обнаруживают";"обнаруживают, и это не секрет, обнаруживают";3
"обнаруживают";"обнаруживают, и это не случайно, ";2
"обнаруживают";"обнаруживают, и это не случайно, обнаруживают";1
"обнаруживаются";"обнаруживаются, заметте, ненавязчиво";6
"обнаруживаются";"обнаруживаются, заметте, ненавязчиво обнаруживаются";5
"обнаруживаются";"обнаруживаются, и это не секрет,";4
"обнаруживаются";"обнаруживаются, и это не секрет, обнаруживаются";3
"обнаруживаются";"обнаруживаются, и это не случайно, ";2
"обнаруживаются";"обнаруживаются, и это не случайно, обнаруживаются";1
"обнаруживаються";"обнаруживаються, заметте, ненавязчиво";6
"обнаруживаються";"обнаруживаються, заметте, ненавязчиво обнаруживаються";5
"обнаруживаються";"обнаруживаються, и это не секрет,";4
"обнаруживаються";"обнаруживаються, и это не секрет, обнаруживаються";3
"обнаруживаються";"обнаруживаються, и это не случайно, ";2
"обнаруживаються";"обнаруживаються, и это не случайно, обнаруживаються";1
"обзывал";"обзывал, причем совершенно незаслуженно,";8
"обзывал";"обзывал, причем совершенно незаслуженно, обзывал";7
"обзывал";"обзывал, возможно заслуженно,";6
"обзывал";"обзывал, возможно заслуженно, обзывал";5
"обзывал";"обзывал, скорее всего не заслуженно,";4
"обзывал";"обзывал, скорее всего не заслуженно, обзывал";3
"обзывал";"обзывал, видимо не заслуженно, ";2
"обзывал";"обзывал, видимо не заслуженно, обзывал";1
"обзывала";"обзывала, причем совершенно незаслуженно,";8
"обзывала";"обзывала, причем совершенно незаслуженно, обзывала";7
"обзывала";"обзывала, возможно заслуженно,";6
"обзывала";"обзывала, возможно заслуженно, обзывала";5
"обзывала";"обзывала, скорее всего не заслуженно,";4
"обзывала";"обзывала, скорее всего не заслуженно, обзывала";3
"обзывала";"обзывала, видимо не заслуженно, ";2
"обзывала";"обзывала, видимо не заслуженно, обзывала";1
"обзывали";"обзывали, причем совершенно незаслуженно,";8
"обзывали";"обзывали, причем совершенно незаслуженно, обзывали";7
"обзывали";"обзывали, возможно заслуженно,";6
"обзывали";"обзывали, возможно заслуженно, обзывали";5
"обзывали";"обзывали, скорее всего не заслуженно,";4
"обзывали";"обзывали, скорее всего не заслуженно, обзывали";3
"обзывали";"обзывали, видимо не заслуженно, ";2
"обзывали";"обзывали, видимо не заслуженно, обзывали";1
"обзывать";"обзывать, причем совершенно незаслуженно,";8
"обзывать";"обзывать, причем совершенно незаслуженно, обзывать";7
"обзывать";"обзывать, возможно заслуженно,";6
"обзывать";"обзывать, возможно заслуженно, обзывать";5
"обзывать";"обзывать, скорее всего не заслуженно,";4
"обзывать";"обзывать, скорее всего не заслуженно, обзывать";3
"обзывать";"обзывать, видимо не заслуженно, ";2
"обзывать";"обзывать, видимо не заслуженно, обзывать";1
"обозвал";"обозвал, причем совершенно незаслуженно,";8
"обозвал";"обозвал, причем совершенно незаслуженно, обозвал";7
"обозвал";"обозвал, возможно заслуженно,";6
"обозвал";"обозвал, возможно заслуженно, обозвал";5
"обозвал";"обозвал, скорее всего не заслуженно,";4
"обозвал";"обозвал, скорее всего не заслуженно, обозвал";3
"обозвал";"обозвал, видимо не заслуженно, ";2
"обозвал";"обозвал, видимо не заслуженно, обозвал";1
"обозвала";"обозвала, причем совершенно незаслуженно,";8
"обозвала";"обозвала, причем совершенно незаслуженно, обозвала";7
"обозвала";"обозвала, возможно заслуженно,";6
"обозвала";"обозвала, возможно заслуженно, обозвала";5
"обозвала";"обозвала, скорее всего не заслуженно,";4
"обозвала";"обозвала, скорее всего не заслуженно, обозвала";3
"обозвала";"обозвала, видимо не заслуженно, ";2
"обозвала";"обозвала, видимо не заслуженно, обозвала";1
"обозвали";"обозвали, причем совершенно незаслуженно,";8
"обозвали";"обозвали, причем совершенно незаслуженно, обозвали";7
"обозвали";"обозвали, возможно заслуженно,";6
"обозвали";"обозвали, возможно заслуженно, обозвали";5
"обозвали";"обозвали, скорее всего не заслуженно,";4
"обозвали";"обозвали, скорее всего не заслуженно, обозвали";3
"обозвали";"обозвали, видимо не заслуженно, ";2
"обозвали";"обозвали, видимо не заслуженно, обозвали";1
"обозвать";"обозвать, причем совершенно незаслуженно,";8
"обозвать";"обозвать, причем совершенно незаслуженно, обозвать";7
"обозвать";"обозвать, возможно заслуженно,";6
"обозвать";"обозвать, возможно заслуженно, обозвать";5
"обозвать";"обозвать, скорее всего не заслуженно,";4
"обозвать";"обозвать, скорее всего не заслуженно, обозвать";3
"обозвать";"обозвать, видимо не заслуженно, ";2
"обозвать";"обозвать, видимо не заслуженно, обозвать";1
"обвинил";"обвинил, и это не секрет,";8
"обвинил";"обвинил, и это не секрет, обвинил";7
"обвинил";"обвинил, и это не случайно,";6
"обвинил";"обвинил, и это не случайно, обвинил";5
"обвинил";"обвинил, и видимо не беспочвенно,";4
"обвинил";"обвинил, и видимо не беспочвенно, обвинил";3
"обвинил";"обвинил, и не безосновательно, ";2
"обвинил";"обвинил, и не безосновательно, обвинил";1
"обвинила";"обвинила, и это не секрет,";8
"обвинила";"обвинила, и это не секрет, обвинила";7
"обвинила";"обвинила, и это не случайно,";6
"обвинила";"обвинила, и это не случайно, обвинила";5
"обвинила";"обвинила, и видимо не беспочвенно,";4
"обвинила";"обвинила, и видимо не беспочвенно, обвинила";3
"обвинила";"обвинила, и не безосновательно, ";2
"обвинила";"обвинила, и не безосновательно, обвинила";1
"обвинили";"обвинили, и это не секрет,";8
"обвинили";"обвинили, и это не секрет, обвинили";7
"обвинили";"обвинили, и это не случайно,";6
"обвинили";"обвинили, и это не случайно, обвинили";5
"обвинили";"обвинили, и видимо не беспочвенно,";4
"обвинили";"обвинили, и видимо не беспочвенно, обвинили";3
"обвинили";"обвинили, и не безосновательно, ";2
"обвинили";"обвинили, и не безосновательно, обвинили";1
"обвинить";"обвинить, и это не секрет,";8
"обвинить";"обвинить, и это не секрет, обвинить";7
"обвинить";"обвинить, и это не случайно,";6
"обвинить";"обвинить, и это не случайно, обвинить";5
"обвинить";"обвинить, и видимо не беспочвенно,";4
"обвинить";"обвинить, и видимо не беспочвенно, обвинить";3
"обвинить";"обвинить, и не безосновательно, ";2
"обвинить";"обвинить, и не безосновательно, обвинить";1
"обвинял";"обвинял, и это не секрет,";8
"обвинял";"обвинял, и это не секрет, обвинял";7
"обвинял";"обвинял, и это не случайно,";6
"обвинял";"обвинял, и это не случайно, обвинял";5
"обвинял";"обвинял, и видимо не беспочвенно,";4
"обвинял";"обвинял, и видимо не беспочвенно, обвинял";3
"обвинял";"обвинял, и не безосновательно, ";2
"обвинял";"обвинял, и не безосновательно, обвинял";1
"обвиняли";"обвиняли, и это не секрет,";8
"обвиняли";"обвиняли, и это не секрет, обвиняли";7
"обвиняли";"обвиняли, и это не случайно,";6
"обвиняли";"обвиняли, и это не случайно, обвиняли";5
"обвиняли";"обвиняли, и видимо не беспочвенно,";4
"обвиняли";"обвиняли, и видимо не беспочвенно, обвиняли";3
"обвиняли";"обвиняли, и не безосновательно, ";2
"обвиняли";"обвиняли, и не безосновательно, обвиняли";1
"обвиняют";"обвиняют, и это не секрет,";8
"обвиняют";"обвиняют, и это не секрет, обвиняют";7
"обвиняют";"обвиняют, и это не случайно,";6
"обвиняют";"обвиняют, и это не случайно, обвиняют";5
"обвиняют";"обвиняют, и видимо не беспочвенно,";4
"обвиняют";"обвиняют, и видимо не беспочвенно, обвиняют";3
"обвиняют";"обвиняют, и не безосновательно, ";2
"обвиняют";"обвиняют, и не безосновательно, обвиняют";1
"обслуживала";"обслуживала, если можно так выразится,";8
"обслуживала";"обслуживала, если можно так выразится, обслуживала";7
"обслуживала";"обслуживала, видимо так здесь лучше выразиться,";6
"обслуживала";"обслуживала, видимо так здесь лучше выразиться, обслуживала";5
"обслуживала";"обслуживала, это термин здесь подойдет как нельзялучше,";4
"обслуживала";"обслуживала, это термин здесь подойдет как нельзялучше, обслуживала";3
"обслуживала";"обслуживала, здесь это наиболее точное определение, ";2
"обслуживала";"обслуживала, здесь это наиболее точное определение, обслуживала";1
"обходилась";"обходилась, заметте, ненавязчиво";4
"обходилась";"обходилась, заметте, ненавязчиво обходилась";3
"обходилась";"обходилась, между прочим, совершенно спокойно, ";2
"обходилась";"обходилась, между прочим, совершенно спокойно, обходилась";1
"обходился";"обходился, заметте, ненавязчиво";4
"обходился";"обходился, заметте, ненавязчиво обходился";3
"обходился";"обходился, между прочим, совершенно спокойно, ";2
"обходился";"обходился, между прочим, совершенно спокойно, обходился";1
"обходились";"обходились, заметте, ненавязчиво";4
"обходились";"обходились, заметте, ненавязчиво обходились";3
"обходились";"обходились, между прочим, совершенно спокойно, ";2
"обходились";"обходились, между прочим, совершенно спокойно, обходились";1
"обходилось";"обходилось, заметте, ненавязчиво";4
"обходилось";"обходилось, заметте, ненавязчиво обходилось";3
"обходилось";"обходилось, между прочим, совершенно спокойно, ";2
"обходилось";"обходилось, между прочим, совершенно спокойно, обходилось";1
"обходится";"обходится, заметте, ненавязчиво";4
"обходится";"обходится, заметте, ненавязчиво обходится";3
"обходится";"обходится, между прочим, совершенно спокойно, ";2
"обходится";"обходится, между прочим, совершенно спокойно, обходится";1
"обходиться";"обходиться, заметте, ненавязчиво";4
"обходиться";"обходиться, заметте, ненавязчиво обходиться";3
"обходиться";"обходиться, между прочим, совершенно спокойно, ";2
"обходиться";"обходиться, между прочим, совершенно спокойно, обходиться";1
"означает";"означает, практически всегда";4
"означает";"означает, практически всегда означает";3
"означает";"означает, в общем то всегда ";2
"означает";"означает, в общем то всегда означает";1
"означал";"означал, практически всегда";4
"означал";"означал, практически всегда означал";3
"означал";"означал, в общем то всегда ";2
"означал";"означал, в общем то всегда означал";1
"означала";"означала, практически всегда";4
"означала";"означала, практически всегда означала";3
"означала";"означала, в общем то всегда ";2
"означала";"означала, в общем то всегда означала";1
"означали";"означали, практически всегда";4
"означали";"означали, практически всегда означали";3
"означали";"означали, в общем то всегда ";2
"означали";"означали, в общем то всегда означали";1
"означало";"означало, практически всегда";4
"означало";"означало, практически всегда означало";3
"означало";"означало, в общем то всегда ";2
"означало";"означало, в общем то всегда означало";1
"означают";"означают, практически всегда";4
"означают";"означают, практически всегда означают";3
"означают";"означают, в общем то всегда ";2
"означают";"означают, в общем то всегда означают";1
"оказаллся";"оказаллся, скорее всего не просто так,";6
"оказаллся";"оказаллся, скорее всего не просто так, оказаллся";5
"оказаллся";"оказаллся, видимо не просто так,";4
"оказаллся";"оказаллся, видимо не просто так, оказаллся";3
"оказаллся";"оказаллсявероятно не просто так, ";2
"оказаллся";"оказаллсявероятно не просто так, оказаллся";1
"оказаллась";"оказаллась, скорее всего не просто так,";6
"оказаллась";"оказаллась, скорее всего не просто так, оказаллась";5
"оказаллась";"оказаллась, видимо не просто так,";4
"оказаллась";"оказаллась, видимо не просто так, оказаллась";3
"оказаллась";"оказалласьвероятно не просто так, ";2
"оказаллась";"оказалласьвероятно не просто так, оказаллась";1
"оказаллись";"оказаллись, скорее всего не просто так,";6
"оказаллись";"оказаллись, скорее всего не просто так, оказаллись";5
"оказаллись";"оказаллись, видимо не просто так,";4
"оказаллись";"оказаллись, видимо не просто так, оказаллись";3
"оказаллись";"оказаллисьвероятно не просто так, ";2
"оказаллись";"оказаллисьвероятно не просто так, оказаллись";1
"осуждал";"осуждал, и не безосновательно,";6
"осуждал";"осуждал, и не безосновательно, осуждал";5
"осуждал";"осуждал, возможно беспричинно,";4
"осуждал";"осуждал, возможно беспричинно, осуждал";3
"осуждал";"осуждал, видимо не просто так, ";2
"осуждал";"осуждал, видимо не просто так, осуждал";1
"осуждала";"осуждала, и не безосновательно,";6
"осуждала";"осуждала, и не безосновательно, осуждала";5
"осуждала";"осуждала, возможно беспричинно,";4
"осуждала";"осуждала, возможно беспричинно, осуждала";3
"осуждала";"осуждала, видимо не просто так, ";2
"осуждала";"осуждала, видимо не просто так, осуждала";1
"осуждали";"осуждали, и не безосновательно,";6
"осуждали";"осуждали, и не безосновательно, осуждали";5
"осуждали";"осуждали, возможно беспричинно,";4
"осуждали";"осуждали, возможно беспричинно, осуждали";3
"осуждали";"осуждали, видимо не просто так, ";2
"осуждали";"осуждали, видимо не просто так, осуждали";1
"осуждать";"осуждать, и не безосновательно,";6
"осуждать";"осуждать, и не безосновательно, осуждать";5
"осуждать";"осуждать, возможно беспричинно,";4
"осуждать";"осуждать, возможно беспричинно, осуждать";3
"осуждать";"осуждать, видимо не просто так, ";2
"осуждать";"осуждать, видимо не просто так, осуждать";1
"осуждают";"осуждают, и не безосновательно,";6
"осуждают";"осуждают, и не безосновательно, осуждают";5
"осуждают";"осуждают, возможно беспричинно,";4
"осуждают";"осуждают, возможно беспричинно, осуждают";3
"осуждают";"осуждают, видимо не просто так, ";2
"осуждают";"осуждают, видимо не просто так, осуждают";1
"отразил";"отразил, и это очевидно,";4
"отразил";"отразил, и это очевидно, отразил";3
"отразил";"отразил, и это сразу бросается в глаза, ";2
"отразил";"отразил, и это сразу бросается в глаза, отразил";1
"отразила";"отразила, и это очевидно,";4
"отразила";"отразила, и это очевидно, отразила";3
"отразила";"отразила, и это сразу бросается в глаза, ";2
"отразила";"отразила, и это сразу бросается в глаза, отразила";1
"отразилась";"отразилась, и это очевидно,";4
"отразилась";"отразилась, и это очевидно, отразилась";3
"отразилась";"отразилась, и это сразу бросается в глаза, ";2
"отразилась";"отразилась, и это сразу бросается в глаза, отразилась";1
"отразились";"отразились, и это очевидно,";4
"отразились";"отразились, и это очевидно, отразились";3
"отразились";"отразились, и это сразу бросается в глаза, ";2
"отразились";"отразились, и это сразу бросается в глаза, отразились";1
"отразиться";"отразиться, и это очевидно,";4
"отразиться";"отразиться, и это очевидно, отразиться";3
"отразиться";"отразиться, и это сразу бросается в глаза, ";2
"отразиться";"отразиться, и это сразу бросается в глаза, отразиться";1
"отсутствовали";"отсутствовали, и это очевидно,";8
"отсутствовали";"отсутствовали, и это очевидно, отсутствовали";7
"отсутствовали";"отсутствовали, и это совершенно очевидно,";6
"отсутствовали";"отсутствовали, и это совершенно очевидно, отсутствовали";5
"отсутствовали";"отсутствовали, и это видно невооруженным глазом,";4
"отсутствовали";"отсутствовали, и это видно невооруженным глазом, отсутствовали";3
"отсутствовали";"отсутствовали, и это сразу заметно ";2
"отсутствовали";"отсутствовали, и это сразу заметно отсутствовали";1
"отсутствовал";"отсутствовал, и это очевидно,";8
"отсутствовал";"отсутствовал, и это очевидно, отсутствовал";7
"отсутствовал";"отсутствовал, и это совершенно очевидно,";6
"отсутствовал";"отсутствовал, и это совершенно очевидно, отсутствовал";5
"отсутствовал";"отсутствовал, и это видно невооруженным глазом,";4
"отсутствовал";"отсутствовал, и это видно невооруженным глазом, отсутствовал";3
"отсутствовал";"отсутствовал, и это сразу заметно ";2
"отсутствовал";"отсутствовал, и это сразу заметно отсутствовал";1
"отсутствие";"отсутствие, и это очевидно,";8
"отсутствие";"отсутствие, и это очевидно, отсутствие";7
"отсутствие";"отсутствие, и это совершенно очевидно,";6
"отсутствие";"отсутствие, и это совершенно очевидно, отсутствие";5
"отсутствие";"отсутствие, и это видно невооруженным глазом,";4
"отсутствие";"отсутствие, и это видно невооруженным глазом, отсутствие";3
"отсутствие";"отсутствие, и это сразу заметно ";2
"отсутствие";"отсутствие, и это сразу заметно отсутствие";1
"перевозил";"перевозил, что интересно";4
"перевозил";"перевозил, что интересно перевозил";3
"перевозил";"перевозил, что может показаться парадоксальным, ";2
"перевозил";"перевозил, что может показаться парадоксальным, перевозил";1
"перевозила";"перевозила, что интересно";4
"перевозила";"перевозила, что интересно перевозила";3
"перевозила";"перевозила, что может показаться парадоксальным, ";2
"перевозила";"перевозила, что может показаться парадоксальным, перевозила";1
"перевозили";"перевозили, что интересно";4
"перевозили";"перевозили, что интересно перевозили";3
"перевозили";"перевозили, что может показаться парадоксальным, ";2
"перевозили";"перевозили, что может показаться парадоксальным, перевозили";1
"перевозит";"перевозит, что интересно";4
"перевозит";"перевозит, что интересно перевозит";3
"перевозит";"перевозит, что может показаться парадоксальным, ";2
"перевозит";"перевозит, что может показаться парадоксальным, перевозит";1
"перевозят";"перевозят, что интересно";4
"перевозят";"перевозят, что интересно перевозят";3
"перевозят";"перевозят, что может показаться парадоксальным, ";2
"перевозят";"перевозят, что может показаться парадоксальным, перевозят";1
"писал";"писал, и довольно уверенно,";8
"писал";"писал, и довольно уверенно, писал";7
"писал";"писал, просто и не навязчиво,";6
"писал";"писал, просто и не навязчиво, писал";5
"писал";"писал, хоть и не без ошибок,";4
"писал";"писал, хоть и не без ошибок, писал";3
"писал";"писал, иногда правда с ошибками, ";2
"писал";"писал, иногда правда с ошибками, писал";1
"писала";"писала, и довольно уверенно,";8
"писала";"писала, и довольно уверенно, писала";7
"писала";"писала, просто и не навязчиво,";6
"писала";"писала, просто и не навязчиво, писала";5
"писала";"писала, хоть и не без ошибок,";4
"писала";"писала, хоть и не без ошибок, писала";3
"писала";"писала, иногда правда с ошибками, ";2
"писала";"писала, иногда правда с ошибками, писала";1
"писали";"писали, и довольно уверенно,";8
"писали";"писали, и довольно уверенно, писали";7
"писали";"писали, просто и не навязчиво,";6
"писали";"писали, просто и не навязчиво, писали";5
"писали";"писали, хоть и не без ошибок,";4
"писали";"писали, хоть и не без ошибок, писали";3
"писали";"писали, иногда правда с ошибками, ";2
"писали";"писали, иногда правда с ошибками, писали";1
"писать";"писать, и довольно уверенно,";8
"писать";"писать, и довольно уверенно, писать";7
"писать";"писать, просто и не навязчиво,";6
"писать";"писать, просто и не навязчиво, писать";5
"писать";"писать, хоть и не без ошибок,";4
"писать";"писать, хоть и не без ошибок, писать";3
"писать";"писать, иногда правда с ошибками, ";2
"писать";"писать, иногда правда с ошибками, писать";1
"победил";"победил, и довольно уверенно,";4
"победил";"победил, и довольно уверенно, победил";3
"победил";"победил, хоть и с усилием, ";2
"победил";"победил, хоть и с усилием, победил";1
"победила";"победила, и довольно уверенно,";4
"победила";"победила, и довольно уверенно, победила";3
"победила";"победила, хоть и с усилием, ";2
"победила";"победила, хоть и с усилием, победила";1
"победили";"победили, и довольно уверенно,";4
"победили";"победили, и довольно уверенно, победили";3
"победили";"победили, хоть и с усилием, ";2
"победили";"победили, хоть и с усилием, победили";1
"победить";"победить, и довольно уверенно,";4
"победить";"победить, и довольно уверенно, победить";3
"победить";"победить, хоть и с усилием, ";2
"победить";"победить, хоть и с усилием, победить";1
"повернулся";"повернулся,совершенно спокойно,";6
"повернулся";"повернулся,совершенно спокойно, повернулся";5
"повернулся";"повернулся, совершенно неосознанно,";4
"повернулся";"повернулся, совершенно неосознанно, повернулся";3
"повернулся";"повернулся, достаточно спокойно, ";2
"повернулся";"повернулся, достаточно спокойно, повернулся";1
"повернулась";"повернулась,совершенно спокойно,";6
"повернулась";"повернулась,совершенно спокойно, повернулась";5
"повернулась";"повернулась, совершенно неосознанно,";4
"повернулась";"повернулась, совершенно неосознанно, повернулась";3
"повернулась";"повернулась, достаточно спокойно, ";2
"повернулась";"повернулась, достаточно спокойно, повернулась";1
"повернулись";"повернулись,совершенно спокойно,";6
"повернулись";"повернулись,совершенно спокойно, повернулись";5
"повернулись";"повернулись, совершенно неосознанно,";4
"повернулись";"повернулись, совершенно неосознанно, повернулись";3
"повернулись";"повернулись, достаточно спокойно, ";2
"повернулись";"повернулись, достаточно спокойно, повернулись";1
"повернувшись";"повернувшись,совершенно спокойно,";6
"повернувшись";"повернувшись,совершенно спокойно, повернувшись";5
"повернувшись";"повернувшись, совершенно неосознанно,";4
"повернувшись";"повернувшись, совершенно неосознанно, повернувшись";3
"повернувшись";"повернувшись, достаточно спокойно, ";2
"повернувшись";"повернувшись, достаточно спокойно, повернувшись";1
"попадались";"попадались, причем без придупреждения,";6
"попадались";"попадались, причем без придупреждения, попадались";5
"попадались";"попадались, причем совершенно неожиданно,";4
"попадались";"попадались, причем совершенно неожиданно, попадались";3
"попадались";"попадались, видимо не просто так, ";2
"попадались";"попадались, видимо не просто так, попадались";1
"попадалась";"попадалась, причем без придупреждения,";6
"попадалась";"попадалась, причем без придупреждения, попадалась";5
"попадалась";"попадалась, причем совершенно неожиданно,";4
"попадалась";"попадалась, причем совершенно неожиданно, попадалась";3
"попадалась";"попадалась, видимо не просто так, ";2
"попадалась";"попадалась, видимо не просто так, попадалась";1
"попадался";"попадался, причем без придупреждения,";6
"попадался";"попадался, причем без придупреждения, попадался";5
"попадался";"попадался, причем совершенно неожиданно,";4
"попадался";"попадался, причем совершенно неожиданно, попадался";3
"попадался";"попадался, видимо не просто так, ";2
"попадался";"попадался, видимо не просто так, попадался";1
"попадаются";"попадаются, причем без придупреждения,";6
"попадаются";"попадаются, причем без придупреждения, попадаются";5
"попадаются";"попадаются, причем совершенно неожиданно,";4
"попадаются";"попадаются, причем совершенно неожиданно, попадаются";3
"попадаются";"попадаются, видимо не просто так, ";2
"попадаются";"попадаются, видимо не просто так, попадаются";1
"постановил";"постановил, как отрезали,";4
"постановил";"постановил, как отрезали, постановил";3
"постановил";"постановил, причем совершенно неожиданно, ";2
"постановил";"постановил, причем совершенно неожиданно, постановил";1
"постановили";"постановили, как отрезали,";4
"постановили";"постановили, как отрезали, постановили";3
"постановили";"постановили, причем совершенно неожиданно, ";2
"постановили";"постановили, причем совершенно неожиданно, постановили";1
"постановило";"постановило, как отрезали,";4
"постановило";"постановило, как отрезали, постановило";3
"постановило";"постановило, причем совершенно неожиданно, ";2
"постановило";"постановило, причем совершенно неожиданно, постановило";1
"постановить";"постановить, как отрезали,";4
"постановить";"постановить, как отрезали, постановить";3
"постановить";"постановить, причем совершенно неожиданно, ";2
"постановить";"постановить, причем совершенно неожиданно, постановить";1
"представлен";"представлен, и это парадокс,";12
"представлен";"представлен, и это парадокс, представлен";11
"представлен";"представлен, и это сущая правда,";10
"представлен";"представлен, и это сущая правда, представлен";9
"представлен";"представлен, и ведь это доказано,";8
"представлен";"представлен, и ведь это доказано, представлен";7
"представлен";"представлен, согласитесь не беспочвенно,";6
"представлен";"представлен, согласитесь не беспочвенно, представлен";5
"представлен";"представлен, и ведь по праву,";4
"представлен";"представлен, и ведь по праву, представлен";3
"представлен";"представлен, наверное не беспричинно, ";2
"представлен";"представлен, наверное не беспричинно, представлен";1
"представлена";"представлена, и это парадокс,";12
"представлена";"представлена, и это парадокс, представлена";11
"представлена";"представлена, и это сущая правда,";10
"представлена";"представлена, и это сущая правда, представлена";9
"представлена";"представлена, и ведь это доказано,";8
"представлена";"представлена, и ведь это доказано, представлена";7
"представлена";"представлена, согласитесь не беспочвенно,";6
"представлена";"представлена, согласитесь не беспочвенно, представлена";5
"представлена";"представлена, и ведь по праву,";4
"представлена";"представлена, и ведь по праву, представлена";3
"представлена";"представлена, наверное не беспричинно, ";2
"представлена";"представлена, наверное не беспричинно, представлена";1
"представлено";"представлено, и это парадокс,";12
"представлено";"представлено, и это парадокс, представлено";11
"представлено";"представлено, и это сущая правда,";10
"представлено";"представлено, и это сущая правда, представлено";9
"представлено";"представлено, и ведь это доказано,";8
"представлено";"представлено, и ведь это доказано, представлено";7
"представлено";"представлено, согласитесь не беспочвенно,";6
"представлено";"представлено, согласитесь не беспочвенно, представлено";5
"представлено";"представлено, и ведь по праву,";4
"представлено";"представлено, и ведь по праву, представлено";3
"представлено";"представлено, наверное не беспричинно, ";2
"представлено";"представлено, наверное не беспричинно, представлено";1
"представлены";"представлены, и это парадокс,";12
"представлены";"представлены, и это парадокс, представлены";11
"представлены";"представлены, и это сущая правда,";10
"представлены";"представлены, и это сущая правда, представлены";9
"представлены";"представлены, и ведь это доказано,";8
"представлены";"представлены, и ведь это доказано, представлены";7
"представлены";"представлены, согласитесь не беспочвенно,";6
"представлены";"представлены, согласитесь не беспочвенно, представлены";5
"представлены";"представлены, и ведь по праву,";4
"представлены";"представлены, и ведь по праву, представлены";3
"представлены";"представлены, наверное не беспричинно, ";2
"представлены";"представлены, наверное не беспричинно, представлены";1
"получил";"получил, именно это слово употребимо здесь,";8
"получил";"получил, именно это слово употребимо здесь, получил";7
"получил";"получил, именно это определение здесь употребимо,";6
"получил";"получил, именно это определение здесь употребимо, получил";5
"получил";"получил, только это определение здесь подходит,";4
"получил";"получил, только это определение здесь подходит, получил";3
"получил";"получил, причем практически сразу, ";2
"получил";"получил, причем практически сразу, получил";1
"получила";"получила, именно это слово употребимо здесь,";8
"получила";"получила, именно это слово употребимо здесь, получила";7
"получила";"получила, именно это определение здесь употребимо,";6
"получила";"получила, именно это определение здесь употребимо, получила";5
"получила";"получила, только это определение здесь подходит,";4
"получила";"получила, только это определение здесь подходит, получила";3
"получила";"получила, причем практически сразу, ";2
"получила";"получила, причем практически сразу, получила";1
"получили";"получили, именно это слово употребимо здесь,";8
"получили";"получили, именно это слово употребимо здесь, получили";7
"получили";"получили, именно это определение здесь употребимо,";6
"получили";"получили, именно это определение здесь употребимо, получили";5
"получили";"получили, только это определение здесь подходит,";4
"получили";"получили, только это определение здесь подходит, получили";3
"получили";"получили, причем практически сразу, ";2
"получили";"получили, причем практически сразу, получили";1
"получить";"получить, именно это слово употребимо здесь,";8
"получить";"получить, именно это слово употребимо здесь, получить";7
"получить";"получить, именно это определение здесь употребимо,";6
"получить";"получить, именно это определение здесь употребимо, получить";5
"получить";"получить, только это определение здесь подходит,";4
"получить";"получить, только это определение здесь подходит, получить";3
"получить";"получить, причем практически сразу, ";2
"получить";"получить, причем практически сразу, получить";1
"привык";"привык, и это бессорно,";8
"привык";"привык, и это бессорно, привык";7
"привык";"привык, согласитесь это так,";6
"привык";"привык, согласитесь это так, привык";5
"привык";"привык, причем практически безболезненно,";4
"привык";"привык, причем практически безболезненно, привык";3
"привык";"привык, приложив не так уж много усилий, ";2
"привык";"привык, приложив не так уж много усилий, привык";1
"привыкла";"привыкла, и это бессорно,";8
"привыкла";"привыкла, и это бессорно, привыкла";7
"привыкла";"привыкла, согласитесь это так,";6
"привыкла";"привыкла, согласитесь это так, привыкла";5
"привыкла";"привыкла, причем практически безболезненно,";4
"привыкла";"привыкла, причем практически безболезненно, привыкла";3
"привыкла";"привыкла, приложив не так уж много усилий, ";2
"привыкла";"привыкла, приложив не так уж много усилий, привыкла";1
"привыкли";"привыкли, и это бессорно,";8
"привыкли";"привыкли, и это бессорно, привыкли";7
"привыкли";"привыкли, согласитесь это так,";6
"привыкли";"привыкли, согласитесь это так, привыкли";5
"привыкли";"привыкли, причем практически безболезненно,";4
"привыкли";"привыкли, причем практически безболезненно, привыкли";3
"привыкли";"привыкли, приложив не так уж много усилий, ";2
"привыкли";"привыкли, приложив не так уж много усилий, привыкли";1
"привыкнул";"привыкнул, и это бессорно,";8
"привыкнул";"привыкнул, и это бессорно, привыкнул";7
"привыкнул";"привыкнул, согласитесь это так,";6
"привыкнул";"привыкнул, согласитесь это так, привыкнул";5
"привыкнул";"привыкнул, причем практически безболезненно,";4
"привыкнул";"привыкнул, причем практически безболезненно, привыкнул";3
"привыкнул";"привыкнул, приложив не так уж много усилий, ";2
"привыкнул";"привыкнул, приложив не так уж много усилий, привыкнул";1
"привыкнуть";"привыкнуть, и это бессорно,";8
"привыкнуть";"привыкнуть, и это бессорно, привыкнуть";7
"привыкнуть";"привыкнуть, согласитесь это так,";6
"привыкнуть";"привыкнуть, согласитесь это так, привыкнуть";5
"привыкнуть";"привыкнуть, причем практически безболезненно,";4
"привыкнуть";"привыкнуть, причем практически безболезненно, привыкнуть";3
"привыкнуть";"привыкнуть, приложив не так уж много усилий, ";2
"привыкнуть";"привыкнуть, приложив не так уж много усилий, привыкнуть";1
"приглянулась";"приглянулась, не смотря ни на что,";6
"приглянулась";"приглянулась, не смотря ни на что, приглянулась";5
"приглянулась";"приглянулась, да и как иначе,";4
"приглянулась";"приглянулась, да и как иначе, приглянулась";3
"приглянулась";"приглянулась, согласитесь не беспочвенно, ";2
"приглянулась";"приглянулась, согласитесь не беспочвенно, приглянулась";1
"приглянулся";"приглянулся, не смотря ни на что,";6
"приглянулся";"приглянулся, не смотря ни на что, приглянулся";5
"приглянулся";"приглянулся, да и как иначе,";4
"приглянулся";"приглянулся, да и как иначе, приглянулся";3
"приглянулся";"приглянулся, согласитесь не беспочвенно, ";2
"приглянулся";"приглянулся, согласитесь не беспочвенно, приглянулся";1
"приглянулись";"приглянулись, не смотря ни на что,";6
"приглянулись";"приглянулись, не смотря ни на что, приглянулись";5
"приглянулись";"приглянулись, да и как иначе,";4
"приглянулись";"приглянулись, да и как иначе, приглянулись";3
"приглянулись";"приглянулись, согласитесь не беспочвенно, ";2
"приглянулись";"приглянулись, согласитесь не беспочвенно, приглянулись";1
"разрешил";"разрешил, хоть и не сразу,";4
"разрешил";"разрешил, хоть и не сразу, разрешил";3
"разрешил";"разрешил, правда не сразу, ";2
"разрешил";"разрешил, правда не сразу, разрешил";1
"разрешила";"разрешила, хоть и не сразу,";4
"разрешила";"разрешила, хоть и не сразу, разрешила";3
"разрешила";"разрешила, правда не сразу, ";2
"разрешила";"разрешила, правда не сразу, разрешила";1
"разрешили";"разрешили, хоть и не сразу,";4
"разрешили";"разрешили, хоть и не сразу, разрешили";3
"разрешили";"разрешили, правда не сразу, ";2
"разрешили";"разрешили, правда не сразу, разрешили";1
"разрешить";"разрешить, хоть и не сразу,";4
"разрешить";"разрешить, хоть и не сразу, разрешить";3
"разрешить";"разрешить, правда не сразу, ";2
"разрешить";"разрешить, правда не сразу, разрешить";1
"разрушал";"разрушал, и это окончательно,";6
"разрушал";"разрушал, и это окончательно, разрушал";5
"разрушал";"разрушал, как бы трагично это не звучало,";4
"разрушал";"разрушал, как бы трагично это не звучало, разрушал";3
"разрушал";"разрушал, как бы печально это не прозвучало ";2
"разрушал";"разрушал, как бы печально это не прозвучало разрушал";1
"разрушала";"разрушала, и это окончательно,";6
"разрушала";"разрушала, и это окончательно, разрушала";5
"разрушала";"разрушала, как бы трагично это не звучало,";4
"разрушала";"разрушала, как бы трагично это не звучало, разрушала";3
"разрушала";"разрушала, как бы печально это не прозвучало ";2
"разрушала";"разрушала, как бы печально это не прозвучало разрушала";1
"разрушали";"разрушали, и это окончательно,";6
"разрушали";"разрушали, и это окончательно, разрушали";5
"разрушали";"разрушали, как бы трагично это не звучало,";4
"разрушали";"разрушали, как бы трагично это не звучало, разрушали";3
"разрушали";"разрушали, как бы печально это не прозвучало ";2
"разрушали";"разрушали, как бы печально это не прозвучало разрушали";1
"разрушает";"разрушает, и это окончательно,";6
"разрушает";"разрушает, и это окончательно, разрушает";5
"разрушает";"разрушает, как бы трагично это не звучало,";4
"разрушает";"разрушает, как бы трагично это не звучало, разрушает";3
"разрушает";"разрушает, как бы печально это не прозвучало ";2
"разрушает";"разрушает, как бы печально это не прозвучало разрушает";1
"разрушают";"разрушают, и это окончательно,";6
"разрушают";"разрушают, и это окончательно, разрушают";5
"разрушают";"разрушают, как бы трагично это не звучало,";4
"разрушают";"разрушают, как бы трагично это не звучало, разрушают";3
"разрушают";"разрушают, как бы печально это не прозвучало ";2
"разрушают";"разрушают, как бы печально это не прозвучало разрушают";1
"рассказал";"рассказал, возможно зря,";12
"рассказал";"рассказал, возможно зря, рассказал";11
"рассказал";"рассказал, видимо не просто так,";10
"рассказал";"рассказал, видимо не просто так, рассказал";9
"рассказал";"рассказал, заметте ненавязчиво,";8
"рассказал";"рассказал, заметте ненавязчиво, рассказал";7
"рассказал";"рассказал, об этом многие знают,";6
"рассказал";"рассказал, об этом многие знают, рассказал";5
"рассказал";"рассказал, об этом везде написано,";4
"рассказал";"рассказал, об этом везде написано, рассказал";3
"рассказал";"рассказал, и это действительно так, ";2
"рассказал";"рассказал, и это действительно так, рассказал";1
"рассказала";"рассказала, возможно зря,";12
"рассказала";"рассказала, возможно зря, рассказала";11
"рассказала";"рассказала, видимо не просто так,";10
"рассказала";"рассказала, видимо не просто так, рассказала";9
"рассказала";"рассказала, заметте ненавязчиво,";8
"рассказала";"рассказала, заметте ненавязчиво, рассказала";7
"рассказала";"рассказала, об этом многие знают,";6
"рассказала";"рассказала, об этом многие знают, рассказала";5
"рассказала";"рассказала, об этом везде написано,";4
"рассказала";"рассказала, об этом везде написано, рассказала";3
"рассказала";"рассказала, и это действительно так, ";2
"рассказала";"рассказала, и это действительно так, рассказала";1
"рассказали";"рассказали, возможно зря,";12
"рассказали";"рассказали, возможно зря, рассказали";11
"рассказали";"рассказали, видимо не просто так,";10
"рассказали";"рассказали, видимо не просто так, рассказали";9
"рассказали";"рассказали, заметте ненавязчиво,";8
"рассказали";"рассказали, заметте ненавязчиво, рассказали";7
"рассказали";"рассказали, об этом многие знают,";6
"рассказали";"рассказали, об этом многие знают, рассказали";5
"рассказали";"рассказали, об этом везде написано,";4
"рассказали";"рассказали, об этом везде написано, рассказали";3
"рассказали";"рассказали, и это действительно так, ";2
"рассказали";"рассказали, и это действительно так, рассказали";1
"расторгнул";"расторгнул, возможно зря,";6
"расторгнул";"расторгнул, возможно зря, расторгнул";5
"расторгнул";"расторгнул, видимо не просто так,";4
"расторгнул";"расторгнул, видимо не просто так, расторгнул";3
"расторгнул";"расторгнул, возможно не безосновательно, ";2
"расторгнул";"расторгнул, возможно не безосновательно, расторгнул";1
"расторгнула";"расторгнула, возможно зря,";6
"расторгнула";"расторгнула, возможно зря, расторгнула";5
"расторгнула";"расторгнула, видимо не просто так,";4
"расторгнула";"расторгнула, видимо не просто так, расторгнула";3
"расторгнула";"расторгнула, возможно не безосновательно, ";2
"расторгнула";"расторгнула, возможно не безосновательно, расторгнула";1
"расторгнули";"расторгнули, возможно зря,";6
"расторгнули";"расторгнули, возможно зря, расторгнули";5
"расторгнули";"расторгнули, видимо не просто так,";4
"расторгнули";"расторгнули, видимо не просто так, расторгнули";3
"расторгнули";"расторгнули, возможно не безосновательно, ";2
"расторгнули";"расторгнули, возможно не безосновательно, расторгнули";1
"расторгнуть";"расторгнуть, возможно зря,";6
"расторгнуть";"расторгнуть, возможно зря, расторгнуть";5
"расторгнуть";"расторгнуть, видимо не просто так,";4
"расторгнуть";"расторгнуть, видимо не просто так, расторгнуть";3
"расторгнуть";"расторгнуть, возможно не безосновательно, ";2
"расторгнуть";"расторгнуть, возможно не безосновательно, расторгнуть";1
"смущал";"смущал, и это не преувеличение,";10
"смущал";"смущал, и это не преувеличение, смущал";9
"смущал";"смущал, и довольно сильно,";8
"смущал";"смущал, и довольно сильно, смущал";7
"смущал";"смущал, согласитесь не бесспочвенно,";6
"смущал";"смущал, согласитесь не бесспочвенно, смущал";5
"смущал";"смущал, скорее всего не заслуженно,";4
"смущал";"смущал, скорее всего не заслуженно, смущал";3
"смущал";"смущал, видимо не заслуженно, ";2
"смущал";"смущал, видимо не заслуженно, смущал";1
"смущала";"смущала, и это не преувеличение,";10
"смущала";"смущала, и это не преувеличение, смущала";9
"смущала";"смущала, и довольно сильно,";8
"смущала";"смущала, и довольно сильно, смущала";7
"смущала";"смущала, согласитесь не бесспочвенно,";6
"смущала";"смущала, согласитесь не бесспочвенно, смущала";5
"смущала";"смущала, скорее всего не заслуженно,";4
"смущала";"смущала, скорее всего не заслуженно, смущала";3
"смущала";"смущала, видимо не заслуженно, ";2
"смущала";"смущала, видимо не заслуженно, смущала";1
"смущали";"смущали, и это не преувеличение,";10
"смущали";"смущали, и это не преувеличение, смущали";9
"смущали";"смущали, и довольно сильно,";8
"смущали";"смущали, и довольно сильно, смущали";7
"смущали";"смущали, согласитесь не бесспочвенно,";6
"смущали";"смущали, согласитесь не бесспочвенно, смущали";5
"смущали";"смущали, скорее всего не заслуженно,";4
"смущали";"смущали, скорее всего не заслуженно, смущали";3
"смущали";"смущали, видимо не заслуженно, ";2
"смущали";"смущали, видимо не заслуженно, смущали";1
"смущать";"смущать, и это не преувеличение,";10
"смущать";"смущать, и это не преувеличение, смущать";9
"смущать";"смущать, и довольно сильно,";8
"смущать";"смущать, и довольно сильно, смущать";7
"смущать";"смущать, согласитесь не бесспочвенно,";6
"смущать";"смущать, согласитесь не бесспочвенно, смущать";5
"смущать";"смущать, скорее всего не заслуженно,";4
"смущать";"смущать, скорее всего не заслуженно, смущать";3
"смущать";"смущать, видимо не заслуженно, ";2
"смущать";"смущать, видимо не заслуженно, смущать";1
"сохранялась";"сохранялась, и это закономерно,";4
"сохранялась";"сохранялась, и это закономерно, сохранялась";3
"сохранялась";"сохранялась, и это доказано, ";2
"сохранялась";"сохранялась, и это доказано, сохранялась";1
"сохранялись";"сохранялись, и это закономерно,";4
"сохранялись";"сохранялись, и это закономерно, сохранялись";3
"сохранялись";"сохранялись, и это доказано, ";2
"сохранялись";"сохранялись, и это доказано, сохранялись";1
"сохранялось";"сохранялось, и это закономерно,";4
"сохранялось";"сохранялось, и это закономерно, сохранялось";3
"сохранялось";"сохранялось, и это доказано, ";2
"сохранялось";"сохранялось, и это доказано, сохранялось";1
"сохраняется";"сохраняется, и это закономерно,";4
"сохраняется";"сохраняется, и это закономерно, сохраняется";3
"сохраняется";"сохраняется, и это доказано, ";2
"сохраняется";"сохраняется, и это доказано, сохраняется";1
"удовлетворяет";"удовлетворяет, причем безоговорочно,";10
"удовлетворяет";"удовлетворяет, причем безоговорочно, удовлетворяет";9
"удовлетворяет";"удовлетворяет, и это так,";8
"удовлетворяет";"удовлетворяет, и это так, удовлетворяет";7
"удовлетворяет";"удовлетворяет, и довольно полно,";6
"удовлетворяет";"удовлетворяет, и довольно полно, удовлетворяет";5
"удовлетворяет";"удовлетворяет, можно сказать полностью,";4
"удовлетворяет";"удовлетворяет, можно сказать полностью, удовлетворяет";3
"удовлетворяет";"удовлетворяет, практически полностью, ";2
"удовлетворяет";"удовлетворяет, практически полностью, удовлетворяет";1
"удовлетворял";"удовлетворял, причем безоговорочно,";10
"удовлетворял";"удовлетворял, причем безоговорочно, удовлетворял";9
"удовлетворял";"удовлетворял, и это так,";8
"удовлетворял";"удовлетворял, и это так, удовлетворял";7
"удовлетворял";"удовлетворял, и довольно полно,";6
"удовлетворял";"удовлетворял, и довольно полно, удовлетворял";5
"удовлетворял";"удовлетворял, можно сказать полностью,";4
"удовлетворял";"удовлетворял, можно сказать полностью, удовлетворял";3
"удовлетворял";"удовлетворял, практически полностью, ";2
"удовлетворял";"удовлетворял, практически полностью, удовлетворял";1
"удовлетворяла";"удовлетворяла, причем безоговорочно,";10
"удовлетворяла";"удовлетворяла, причем безоговорочно, удовлетворяла";9
"удовлетворяла";"удовлетворяла, и это так,";8
"удовлетворяла";"удовлетворяла, и это так, удовлетворяла";7
"удовлетворяла";"удовлетворяла, и довольно полно,";6
"удовлетворяла";"удовлетворяла, и довольно полно, удовлетворяла";5
"удовлетворяла";"удовлетворяла, можно сказать полностью,";4
"удовлетворяла";"удовлетворяла, можно сказать полностью, удовлетворяла";3
"удовлетворяла";"удовлетворяла, практически полностью, ";2
"удовлетворяла";"удовлетворяла, практически полностью, удовлетворяла";1
"удовлетворяли";"удовлетворяли, причем безоговорочно,";10
"удовлетворяли";"удовлетворяли, причем безоговорочно, удовлетворяли";9
"удовлетворяли";"удовлетворяли, и это так,";8
"удовлетворяли";"удовлетворяли, и это так, удовлетворяли";7
"удовлетворяли";"удовлетворяли, и довольно полно,";6
"удовлетворяли";"удовлетворяли, и довольно полно, удовлетворяли";5
"удовлетворяли";"удовлетворяли, можно сказать полностью,";4
"удовлетворяли";"удовлетворяли, можно сказать полностью, удовлетворяли";3
"удовлетворяли";"удовлетворяли, практически полностью, ";2
"удовлетворяли";"удовлетворяли, практически полностью, удовлетворяли";1
"удовлетворять";"удовлетворять, причем безоговорочно,";10
"удовлетворять";"удовлетворять, причем безоговорочно, удовлетворять";9
"удовлетворять";"удовлетворять, и это так,";8
"удовлетворять";"удовлетворять, и это так, удовлетворять";7
"удовлетворять";"удовлетворять, и довольно полно,";6
"удовлетворять";"удовлетворять, и довольно полно, удовлетворять";5
"удовлетворять";"удовлетворять, можно сказать полностью,";4
"удовлетворять";"удовлетворять, можно сказать полностью, удовлетворять";3
"удовлетворять";"удовлетворять, практически полностью, ";2
"удовлетворять";"удовлетворять, практически полностью, удовлетворять";1
"удовлетворяют";"удовлетворяют, причем безоговорочно,";10
"удовлетворяют";"удовлетворяют, причем безоговорочно, удовлетворяют";9
"удовлетворяют";"удовлетворяют, и это так,";8
"удовлетворяют";"удовлетворяют, и это так, удовлетворяют";7
"удовлетворяют";"удовлетворяют, и довольно полно,";6
"удовлетворяют";"удовлетворяют, и довольно полно, удовлетворяют";5
"удовлетворяют";"удовлетворяют, можно сказать полностью,";4
"удовлетворяют";"удовлетворяют, можно сказать полностью, удовлетворяют";3
"удовлетворяют";"удовлетворяют, практически полностью, ";2
"удовлетворяют";"удовлетворяют, практически полностью, удовлетворяют";1
"уменьшаем";"уменьшаем, да,";12
"уменьшаем";"уменьшаем, да, уменьшаем";11
"уменьшаем";"уменьшаем, да, да";10
"уменьшаем";"уменьшаем, да, да уменьшаем";9
"уменьшаем";"уменьшаем, и это доказано,";8
"уменьшаем";"уменьшаем, и это доказано, уменьшаем";7
"уменьшаем";"уменьшаем, это не пустые слова действительно";6
"уменьшаем";"уменьшаем, это не пустые слова действительно уменьшаем";5
"уменьшаем";"уменьшаем, это доказано наукой,";4
"уменьшаем";"уменьшаем, это доказано наукой, уменьшаем";3
"уменьшаем";"уменьшаем, и это не пустые слова, ";2
"уменьшаем";"уменьшаем, и это не пустые слова, уменьшаем";1
"уменьшает";"уменьшает, да,";12
"уменьшает";"уменьшает, да, уменьшает";11
"уменьшает";"уменьшает, да, да";10
"уменьшает";"уменьшает, да, да уменьшает";9
"уменьшает";"уменьшает, и это доказано,";8
"уменьшает";"уменьшает, и это доказано, уменьшает";7
"уменьшает";"уменьшает, это не пустые слова действительно";6
"уменьшает";"уменьшает, это не пустые слова действительно уменьшает";5
"уменьшает";"уменьшает, это доказано наукой,";4
"уменьшает";"уменьшает, это доказано наукой, уменьшает";3
"уменьшает";"уменьшает, и это не пустые слова, ";2
"уменьшает";"уменьшает, и это не пустые слова, уменьшает";1
"уменьшаете";"уменьшаете, да,";12
"уменьшаете";"уменьшаете, да, уменьшаете";11
"уменьшаете";"уменьшаете, да, да";10
"уменьшаете";"уменьшаете, да, да уменьшаете";9
"уменьшаете";"уменьшаете, и это доказано,";8
"уменьшаете";"уменьшаете, и это доказано, уменьшаете";7
"уменьшаете";"уменьшаете, это не пустые слова действительно";6
"уменьшаете";"уменьшаете, это не пустые слова действительно уменьшаете";5
"уменьшаете";"уменьшаете, это доказано наукой,";4
"уменьшаете";"уменьшаете, это доказано наукой, уменьшаете";3
"уменьшаете";"уменьшаете, и это не пустые слова, ";2
"уменьшаете";"уменьшаете, и это не пустые слова, уменьшаете";1
"уменьшала";"уменьшала, да,";12
"уменьшала";"уменьшала, да, уменьшала";11
"уменьшала";"уменьшала, да, да";10
"уменьшала";"уменьшала, да, да уменьшала";9
"уменьшала";"уменьшала, и это доказано,";8
"уменьшала";"уменьшала, и это доказано, уменьшала";7
"уменьшала";"уменьшала, это не пустые слова действительно";6
"уменьшала";"уменьшала, это не пустые слова действительно уменьшала";5
"уменьшала";"уменьшала, это доказано наукой,";4
"уменьшала";"уменьшала, это доказано наукой, уменьшала";3
"уменьшала";"уменьшала, и это не пустые слова, ";2
"уменьшала";"уменьшала, и это не пустые слова, уменьшала";1
"уменьшали";"уменьшали, да,";12
"уменьшали";"уменьшали, да, уменьшали";11
"уменьшали";"уменьшали, да, да";10
"уменьшали";"уменьшали, да, да уменьшали";9
"уменьшали";"уменьшали, и это доказано,";8
"уменьшали";"уменьшали, и это доказано, уменьшали";7
"уменьшали";"уменьшали, это не пустые слова действительно";6
"уменьшали";"уменьшали, это не пустые слова действительно уменьшали";5
"уменьшали";"уменьшали, это доказано наукой,";4
"уменьшали";"уменьшали, это доказано наукой, уменьшали";3
"уменьшали";"уменьшали, и это не пустые слова, ";2
"уменьшали";"уменьшали, и это не пустые слова, уменьшали";1
"уменьшались";"уменьшались, да,";12
"уменьшались";"уменьшались, да, уменьшались";11
"уменьшались";"уменьшались, да, да";10
"уменьшались";"уменьшались, да, да уменьшались";9
"уменьшались";"уменьшались, и это доказано,";8
"уменьшались";"уменьшались, и это доказано, уменьшались";7
"уменьшались";"уменьшались, это не пустые слова действительно";6
"уменьшались";"уменьшались, это не пустые слова действительно уменьшались";5
"уменьшались";"уменьшались, это доказано наукой,";4
"уменьшались";"уменьшались, это доказано наукой, уменьшались";3
"уменьшались";"уменьшались, и это не пустые слова, ";2
"уменьшались";"уменьшались, и это не пустые слова, уменьшались";1
"уменьшалось";"уменьшалось, да,";12
"уменьшалось";"уменьшалось, да, уменьшалось";11
"уменьшалось";"уменьшалось, да, да";10
"уменьшалось";"уменьшалось, да, да уменьшалось";9
"уменьшалось";"уменьшалось, и это доказано,";8
"уменьшалось";"уменьшалось, и это доказано, уменьшалось";7
"уменьшалось";"уменьшалось, это не пустые слова действительно";6
"уменьшалось";"уменьшалось, это не пустые слова действительно уменьшалось";5
"уменьшалось";"уменьшалось, это доказано наукой,";4
"уменьшалось";"уменьшалось, это доказано наукой, уменьшалось";3
"уменьшалось";"уменьшалось, и это не пустые слова, ";2
"уменьшалось";"уменьшалось, и это не пустые слова, уменьшалось";1
"читал";"читал, и наверное не зря,";6
"читал";"читал, и наверное не зря, читал";5
"читал";"читал, теперь ясно что не зря,";4
"читал";"читал, теперь ясно что не зря, читал";3
"читал";"читал, и видимо совсем не зря, ";2
"читал";"читал, и видимо совсем не зря, читал";1
"читала";"читала, и наверное не зря,";6
"читала";"читала, и наверное не зря, читала";5
"читала";"читала, теперь ясно что не зря,";4
"читала";"читала, теперь ясно что не зря, читала";3
"читала";"читала, и видимо совсем не зря, ";2
"читала";"читала, и видимо совсем не зря, читала";1
"читали";"читали, и наверное не зря,";6
"читали";"читали, и наверное не зря, читали";5
"читали";"читали, теперь ясно что не зря,";4
"читали";"читали, теперь ясно что не зря, читали";3
"читали";"читали, и видимо совсем не зря, ";2
"читали";"читали, и видимо совсем не зря, читали";1
"читает";"читает, и наверное не зря,";6
"читает";"читает, и наверное не зря, читает";5
"читает";"читает, теперь ясно что не зря,";4
"читает";"читает, теперь ясно что не зря, читает";3
"читает";"читает, и видимо совсем не зря, ";2
"читает";"читает, и видимо совсем не зря, читает";1
"читают";"читают, и наверное не зря,";6
"читают";"читают, и наверное не зря, читают";5
"читают";"читают, теперь ясно что не зря,";4
"читают";"читают, теперь ясно что не зря, читают";3
"читают";"читают, и видимо совсем не зря, ";2
"читают";"читают, и видимо совсем не зря, читают";1
"читая";"читая, и наверное не зря,";6
"читая";"читая, и наверное не зря, читая";5
"читая";"читая, теперь ясно что не зря,";4
"читая";"читая, теперь ясно что не зря, читая";3
"читая";"читая, и видимо совсем не зря, ";2
"читая";"читая, и видимо совсем не зря, читая";1
"являлась";"являлась, это доказано,";6
"являлась";"являлась, это доказано, являлась";5
"являлась";"являлась, и это не просто рассуждения,";4
"являлась";"являлась, и это не просто рассуждения, являлась";3
"являлась";"являлась, и это так,";2
"являлась";"являлась, и это так, являлась";1
"являлись";"являлись, это доказано,";6
"являлись";"являлись, это доказано, являлись";5
"являлись";"являлись, и это не просто рассуждения,";4
"являлись";"являлись, и это не просто рассуждения, являлись";3
"являлись";"являлись, и это так,";2
"являлись";"являлись, и это так, являлись";1
"являлось";"являлось, это доказано,";6
"являлось";"являлось, это доказано, являлось";5
"являлось";"являлось, и это не просто рассуждения,";4
"являлось";"являлось, и это не просто рассуждения, являлось";3
"являлось";"являлось, и это так,";2
"являлось";"являлось, и это так, являлось";1
"являются";"являются, это доказано,";6
"являются";"являются, это доказано, являются";5
"являются";"являются, и это не просто рассуждения,";4
"являются";"являются, и это не просто рассуждения, являются";3
"являются";"являются, и это так,";2
"являются";"являются, и это так, являются";1